Sl,Category,SubCategory,Name,Address,Phone1,Phone2,Phone3,Email,City
1,কেন্দ্রীয় অফিস,প্রধান কার্যালয়,কেন্দ্রীয় দফতর,"৩১/ভি, (২য় তলা), শিল্পাচার্য জয়নুল আবেদিন সড়ক, শান্তিনগর, ঢাকা-১২১৭",+8801714974333,+8802222221441,+8802483193377,info@quantummethod.org.bd,ঢাকা
2,কেন্দ্রীয় অফিস,সেবা কার্যক্রম,স্বাগতায়ন,"১/১, পায়োনিয়ার রোড, ওয়াইএমসিএ ভবন, সেগুনবাগিচা, কাকরাইল, ঢাকা-১০০০",+8801711671858,+8801329746610,,shagatayan@quantummethod.org.bd,ঢাকা
3,কেন্দ্রীয় অফিস,রক্তদান,স্বেচ্ছা রক্তদান কার্যক্রম,"৩১/ভি, (নিচতলা), শিল্পাচার্য জয়নুল আবেদিন সড়ক, শান্তিনগর, ঢাকা-১২১৭",+8801714010869,+8802222221869,+880248322809,blood@quantummethod.org.bd,ঢাকা
4,কেন্দ্রীয় অফিস,দাফন সেবা,দাফন সেবা কার্যক্রম,"১/১, পায়োনিয়ার রোড, ওয়াইএমসিএ ভবন, সেগুনবাগিচা, কাকরাইল, ঢাকা-১০০০",+8801313486509,+8801313486515,,dafon@quantummethod.org.bd,ঢাকা
5,কেন্দ্রীয় অফিস,ওয়েব সাপোর্ট,ওয়েব সাপোর্ট,-,+8801617826886,,,webmaster@quantummethod.org.bd,ঢাকা
6,ঢাকা বিভাগ,সেন্টার,উত্তরা সেন্টার,"বাসা#৩৫, (নিচতলা), রোড#১৩, সেক্টর#০৩, উত্তরা, ঢাকা-১২৩০",+8801329746728,+880241090598,+8801923968888,uttara@quantummethod.org.bd,ঢাকা
7,ঢাকা বিভাগ,সেন্টার,বনশ্রী সেন্টার,"বাড়ি নং#২৩, রোড নং#১, ব্লক#এ, (২য় তলা), বনশ্রী আ/এ, রামপুরা, ঢাকা-১২১৯",+8801740630856,+88028396815,+8801329746620,banasree@quantummethod.org.bd,ঢাকা
8,ঢাকা বিভাগ,সেন্টার,বনানী সেন্টার,"বাড়ি নং #৫৯, (৩য় তলা), রোড নং #১, ব্লক #আই, বনানী, ঢাকা-১২১৩",+8801979003000,+8801689193800,+8801329746626,banani@quantummethod.org.bd,ঢাকা
9,ঢাকা বিভাগ,সেন্টার,মতিঝিল সেন্টার,"৯২ আরামবাগ, আল খালিফ টাওয়ার, ২য় তলা, কালভার্ট রোড, আরামবাগ, মতিঝিল, ঢাকা-১০০০",+8801744885511,+880241070091,+880241070092,motijheel@quantummethod.org.bd,ঢাকা
10,ঢাকা বিভাগ,সেন্টার,মিরপুর সেন্টার,"বাড়ি#৫/২, ব্লক#ই, রোড#৬, মিরপুর-২, ঢাকা-১২১৬",+8801870725921,+880248038922,+8801713087068,mirpur@quantummethod.org.bd,ঢাকা
11,ঢাকা বিভাগ,শাখা,ধানমণ্ডি শাখা,"বাড়ি#৮৯/এ, নিচতলা, রোড#৮/এ, ধানমণ্ডি আ/এ, ঢাকা-১২০৯",+8801822989598,+8801828154294,+8801329746634,dhanmondi@quantummethod.org.bd,ঢাকা
12,ঢাকা বিভাগ,শাখা,পল্লবী শাখা,"বসন্ত ভবন, বাসা#০৫, রোড#০৭, সেকশন#সাড়ে ১১, মিরপুর, ঢাকা-১২১৬",+8801870725901,+8801870725902,+8809678771422,pallabi@quantummethod.org.bd,ঢাকা
13,ঢাকা বিভাগ,শাখা,মহাখালী শাখা,"বাড়ি#গ-৫৮, (২য় তলা), মহাখালী স্কুল রোড, মহাখালী, ঢাকা-১২১২",+8801827567540,+88028831714,+8801329746625,mohakhali@quantummethod.org.bd,ঢাকা
14,ঢাকা বিভাগ,শাখা,মোহাম্মদপুর শাখা,"বাড়ি-১৪, (হ্যাপি মার্ট-এর ৪র্থ তলা), মোহাম্মাদিয়া হাউজিং লি. মেইন রোড, মোহাম্মদপুর, ঢাকা-১২০৭",+8801329746622,,,mohammadpur@quantummethod.org.bd,ঢাকা
15,ঢাকা বিভাগ,শাখা,লালবাগ শাখা,"১৭১/২, লালবাগ রোড, আজিমপুর, ঢাকা-১২০৫",+8801733312419,+8802223367574,+8801329746654,lalbagh@quantummethod.org.bd,ঢাকা
16,ঢাকা বিভাগ,শাখা,নিকেতন শাখা,"বাড়ি নং#১১৬, (নিচতলা), রোড নং#৯, ব্লক#সি, নিকেতন, গুলশান-১, ঢাকা-১২১২",+8801611633623,+8802222282920,+8801329746627,niketon@quantummethod.org.bd,ঢাকা
17,ঢাকা বিভাগ,শাখা,দনিয়া শাখা,"বাড়ি#২৭, জিয়া স্মরণী রোড, দনিয়া, কদমতলী, ঢাকা-১২৩৬",+8801729222333,+88027540114,+8801750752605,dania@quantummethod.org.bd,ঢাকা
18,ঢাকা বিভাগ,শাখা,যাত্রাবাড়ী শাখা,"১৩৩/৩, পশ্চিম যাত্রাবাড়ী, দয়াগঞ্জ মোড়, ঢাকা-১২০৪",+8801783598558,+8801329746645,,jatrabari@quantummethod.org.bd,ঢাকা
19,ঢাকা বিভাগ,শাখা,সবুজবাগ শাখা,"২১০/বি, (২য় তলা), খিলগাঁও চৌধুরীপাড়া, ঢাকা-১২১৯",+8801670707000,+8801931951090,+8801329746647,sabujbagh@quantummethod.org.bd,ঢাকা
20,ঢাকা বিভাগ,শাখা,পান্থপথ শাখা,"৬৪/৬ পশ্চিম পান্থপথ, (৩য় তলা), কলাবাগান, ঢাকা-১২০৫",+8801329746629,,,panthapath@quantummethod.org.bd,ঢাকা
21,ঢাকা বিভাগ,শাখা,শাহবাগ কার্যালয়,"শেলটেক খেয়া (২য় তলা), কাটাবন মোড়, ২০৫ এলিফ্যান্ট রোড, ঢাকা-১২০৫",+8801757443322,+88029614644,+8801740978601,shahbag@quantummethod.org.bd,ঢাকা
22,ঢাকা বিভাগ,সেল,আগারগাঁও সেল,"১২২ (ডি-১), সর্দার টাওয়ার, তালতলা, ঢাকা-১২০৭",+8801870725915,,,agargaon@quantummethod.org.bd,ঢাকা
23,ঢাকা বিভাগ,সেল,আফতাবনগর প্রি-সেল,"বাসা#৫৩, (২য় তলা), রোড#১, ব্লক#এ, আফতাবনগর, বাড্ডা, ঢাকা-১২১২",+8801674640702,+8801309030508,,,ঢাকা
24,ঢাকা বিভাগ,সেল,তেজগাঁও সেল,"বাড়ি#১৩২, (২য় তলা), ব্যাংকার্স রোড, পশ্চিম নাখালপাড়া, তেজগাঁও, ঢাকা-১২১৫",+8801937704480,+880248120974,+8801329746658,tejgaon@quantummethod.org.bd,ঢাকা
25,ঢাকা বিভাগ,সেল,দক্ষিণ বনশ্রী সেল,"বাসা#৯০, (২য় তলা), রোড#২০, ব্লক#কে, দক্ষিণ বনশ্রী, ঢাকা-১২১৯",+8801713084386,+8801329746619,,southbanasree@quantummethod.org.bd,ঢাকা
26,ঢাকা বিভাগ,সেল,নিউমার্কেট সেল,"৫৫, এলিফ্যান্ট রোড, নিউমার্কেট, ঢাকা-১২০৫",+8801711224928,+88028615045,+8801329746638,newmarket@quantummethod.org.bd,ঢাকা
27,ঢাকা বিভাগ,সেল,বারিধারা-জোয়ার সাহারা সেল,"ক-২১, (নিচ তলা), শহিদ ফজলুল হক সড়ক, জোয়ার সাহারা, ঢাকা-১২২৯",+8801970010081,+8801919304930,+8801329746639,baridhara_joarshahara@quantummethod.org.bd,ঢাকা
28,ঢাকা বিভাগ,সেল,শাহজাদপুর সেল,"গ-৭/৩, আল-জান্নাহ্ বিল্ডিং, (২য় তলা), শাহাজাদপুর, গুলশান, ঢাকা-১২১২",+8801711151769,+8801623927727,+8801329746628,shahjadpur@quantummethod.org.bd,ঢাকা
29,ঢাকা বিভাগ,সেল,শ্যামলী সেল,"বাড়ি#২৪/১-এ/খ, (২য় তলা), খিলজী রোড, শ্যামলী, ঢাকা-১২০৭",+8801329746624,,,shyamoli@quantummethod.org.bd,ঢাকা
30,ঢাকা বিভাগ,সেল,সেনপাড়া সেল,"বাড়ি-৪১৯ (নিচ তলা), সেনপাড়া পর্বতা, মিরপুর, ঢাকা-১২১৬",+8801761875327,+8801870725918,+8801329746640,senpara@quantummethod.org.bd,ঢাকা
31,চট্টগ্রাম বিভাগ,সেন্টার,চট্টগ্রাম সেন্টার,"'বদরে মহল', বাসা#৬৬, (নিচতলা), রোড#৬, ও আর নিজাম রোড আ/এ, চট্টগ্রাম-৪২০৩",+8801711393010,+880312552009,+8801329746700,chittagong@quantummethod.org.bd,চট্টগ্রাম
32,চট্টগ্রাম বিভাগ,শাখা,অক্সিজেন শাখা,"মহিউদ্দিন ভিলা, (৪র্থ তলা), অক্সিজেন মোড়, অক্সিজেন, চট্টগ্রাম-৪১০০",+8801762223388,+8801329746711,,oxygen@quantummethod.org.bd,চট্টগ্রাম
33,চট্টগ্রাম বিভাগ,শাখা,আগ্রাবাদ শাখা,"'বানু কুটীর', ২৩৪৭, পূর্ব বেপারী পাড়া, আগ্রাবাদ, চট্টগ্রাম-৪১০০",+8801886210880,+8801817210880,+8801329746701,agrabad@quantummethod.org.bd,চট্টগ্রাম
34,চট্টগ্রাম বিভাগ,শাখা,কাজীর দেউড়ী শাখা,"'কাজী বাড়ি', কাজীর দেউড়ী, চট্টগ্রাম-৪০০০",+8801319043228,+880312867538,+8801329746707,kazir-dewri@quantummethod.org.bd,চট্টগ্রাম
35,চট্টগ্রাম বিভাগ,শাখা,চান্দগাঁও শাখা,"হাবিলান, বাড়ী নং#৭০, (নিচতলা), রোড#৪, ব্লক#বি, চান্দগাঁও আ/এ, চট্টগ্রাম-৪২১২",+8801752332561,+8801329746702,,chandgaon@quantummethod.org.bd,চট্টগ্রাম
36,চট্টগ্রাম বিভাগ,শাখা,হালিশহর শাখা,"বাড়ি#৮, লেন#২, সড়ক#৪, গেইট#৬, ব্লক#কে, হালিশহর হাউজিং এস্টেট, হালিশহর, চট্টগ্রাম-৪২১৬",+8801858711693,+8801749205775,+8801329746705,halishahar@quantummethod.org.bd,চট্টগ্রাম
37,চট্টগ্রাম বিভাগ,সেল,ও আর নিজাম রোড সেল,"বাড়ী#৬৬, রোড#৬, ও আর নিজাম রোড আ/এ, চট্টগ্রাম-৪২০৩",+8801715878780,+8801329746710,,ornizam@quantummethod.org.bd,চট্টগ্রাম
38,চট্টগ্রাম বিভাগ,সেল,কাতালগঞ্জ সেল,"স্কলার্স স্কুল এন্ড কলেজ, বাসা#২০, রোড#৩, কাতালগঞ্জ আ/এ, চট্টগ্রাম-৪২০৩",+8801819853421,+8801710789229,+8801329746706,katalgonj@quantummethod.org.bd,চট্টগ্রাম
39,চট্টগ্রাম বিভাগ,সেল,কোতোয়ালী সেল,"লতিফ ভিলা, (নিচতলা), গুর্খা ডা. লেইন, পাথরঘাটা, কোতোয়ালী, চট্টগ্রাম-৪৩০০",+8801842321877,+8801743824624,+8801329746709,kotowali@quantummethod.org.bd,চট্টগ্রাম
40,চট্টগ্রাম বিভাগ,সেল,খুলশী সেল,"বাড়ি#১১, রোড#২, আব্দুল মালেক সড়ক, দক্ষিণ খুলশী, চট্টগ্রাম-৪১০০",+8801712147021,+8801726576376,+8801329746708,khulshi@quantummethod.org.bd,চট্টগ্রাম
41,চট্টগ্রাম বিভাগ,সেল,চকবাজার সেল,"৪৭, ড. মোহাম্মদ সালেহ উদ্দিন আহমেদের বাড়ি, চটেশ্বরী রোড, চকবাজার, চট্টগ্রাম-৪২০৩",+8801729099086,+8801862645664,+8801329746703,chawkbazar@quantummethod.org.bd,চট্টগ্রাম
42,চট্টগ্রাম বিভাগ,সেল,দেওয়ান বাজার সেল,"হানিফ টাওয়ার, (২য় তলা), নবাব সিরাজদ্দৌলা রোড, চন্দনপুরা, চট্টগ্রাম-৪১০০",+8801717275030,+8801822272381,+8801329746704,dewanbazar@quantummethod.org.bd,চট্টগ্রাম
43,চট্টগ্রাম বিভাগ,সেল,পতেঙ্গা সেল,"হাজী অছিমিয়া সওদাগরের বাড়ি, (৩য় তলা), ২নং মাইলের মাথা, দক্ষিণ মধ্যম হালিশহর, বন্দর, চট্টগ্রাম-৪১০০",+8801815450440,+8801819952792,+8801329746712,patenga@quantummethod.org.bd,চট্টগ্রাম
44,চট্টগ্রাম বিভাগ,সেল,পটিয়া সেল,"নুরু টাওয়ার, (৩য় তলা), খাসমহল রোড, পটিয়া, চট্টগ্রাম-৪৩৭০",+8801846576803,+8801842366693,+8801329746715,patiya@quantummethod.org.bd,চট্টগ্রাম
45,চট্টগ্রাম বিভাগ,সেল,রাঙ্গুনিয়া সেল,"'আকিব এন্ড সাকিব হাউস', ইছাখালী পৌরসভা, কাপ্তাই রোড, রাঙ্গুনিয়া, চট্টগ্রাম-৪৩৬০",+8801817228940,+8801818009335,+8801329746716,rangunia@quantummethod.org.bd,চট্টগ্রাম
46,চট্টগ্রাম বিভাগ,সেল,চট্টগ্রাম বিশ্ববিদ্যালয় সেল,"আল মদিনা মঞ্জিল, (এ-১), রোড#৪, ব্লক#সি, পাহারিকা হাউজিং এস্টেস্ট, দক্ষিণ ক্যাম্পাস, চট্টগ্রাম বিশ্ববিদ্যালয়, হাটহাজারী, চট্টগ্রাম-৪৩৩১",+8801879626526,+8801833319265,+8801329746719,cuqms@quantummethod.org.bd,চট্টগ্রাম
47,কক্সবাজার,সেল,কক্সবাজার সেল,"আলমগীর ম্যানশন, (চতুর্থ তলা), এডভোকেট ফিরোজ আহমেদ সড়ক, লালদীঘি, কক্সবাজার-৪৭০০",+8801306257575,+8801329746726,,coxs_bazar@quantummethod.org.bd,কক্সবাজার
48,বান্দরবান,সেল,বান্দরবান সেল,"ত্রিরত্ন কমপ্লেক্স, (৪র্থ তলা), বান্দরবান সদর, বান্দরবান-৪৬০০",+8801712737371,+8801965983181,+8801329746724,bandarban@quantummethod.org.bd,বান্দরবান
49,বান্দরবান,সেল,কোয়ান্টামম লামা,"বোধিছড়া, কেয়াজুপাড়া, সরই, লামা, বান্দরবান-৩২৭৪",+8801313486520,+8801601486521,+8801714094271,quantumom@quantummethod.org.bd,বান্দরবান
50,খাগড়াছড়ি,সেল,খাগড়াছড়ি সেল,"চৌধুরী টাওয়ার, (২য় তলা), চাইহ্লাউ পাড়া, পানখাইয়া পাড়া রোড, সদর, খাগড়াছড়ি-৪৪০০",+8801553751497,+8801329746723,,khagrachari@quantummethod.org.bd,খাগড়াছড়ি
51,ফেনী,শাখা,ফেনী শাখা,"২৭৫, কুসুম লজ, (২য় তলা), ডাক্তার পাড়া, ফেনী-৩৯০০",+8801817732062,+8801716322445,+8801329746721,feni@quantummethod.org.bd,ফেনী
52,কুমিল্লা,শাখা,কুমিল্লা শাখা,"৪৯৬, নজরুল এভিনিউ, কান্দিরপাড়, কুমিল্লা-৩৫০০",+8801740908378,+8808161383,+8801329746720,comilla@quantummethod.org.bd,কুমিল্লা
53,ব্রাহ্মণবাড়িয়া,সেল,ব্রাহ্মণবাড়িয়া সেল,"কাজী ম্যানশন, (২য় তলা), কে.দাস মোড়, নিউ মার্কেট রোড, ব্রাহ্মণবাড়িয়া-৩৪০০",+8801842422025,+8801726211477,+8801329746722,brahmanbaria@quantummethod.org.bd,ব্রাহ্মণবাড়িয়া
54,সিলেট বিভাগ,সেন্টার,সিলেট সেন্টার,"'নেহার গার্ডেন', স্বপ্নীল#৫২, (২য় তলা) রামের দিঘীর পাড়, মির্জাজাঙ্গাল, সিলেট-৩১০০",+8801713301522,+8801759565696,+8801329746681,sylhet@quantummethod.org.bd,সিলেট
55,সিলেট বিভাগ,শাখা,আম্বরখানা শাখা,"৬/৩, দিগন্ত, (৩য় তলা), ইলেক্ট্রিক সাপ্লাই রোড, আম্বরখানা, সিলেট-৩১০০",+8801777611588,+8801670597471,+8801715774817,amberkhana@quantummethod.org.bd,সিলেট
56,সিলেট বিভাগ,শাখা,বাগবাড়ি-জিন্দাবাজার শাখা,"এইচ এম কর্পোরেশন, (২য় তলা), বর্ণমালা পয়েন্ট, বাগবাড়ি, সিলেট-৩১০০",+8801749578000,+8801711364122,+8801710705553,bagbari_zindabazar@quantummethod.org.bd,সিলেট
57,সিলেট বিভাগ,শাখা,শাহজালাল উপশহর শাখা,"বাসা#৭, (২য় তলা), রোড#৩৭, ব্লক#সি, উপশহর, সিলেট-৩১০০",+8801730449900,+8801770336646,+8801329746682,uposhahar@quantummethod.org.bd,সিলেট
58,সিলেট বিভাগ,সেল,দক্ষিণ সুরমা সেল,"মাসুদ এন্ড মাহমুদ কমপ্লেক্স, (২য় তলা), ফেঞ্চুগঞ্জ রোড, কদমতলী, সিলেট-৩১১৭",+8801777611667,+8801712640969,+8801329746686,south-surma@quantummethod.org.bd,সিলেট
59,সিলেট বিভাগ,সেল,শাহজালাল বিশ্ববিদ্যালয় সেল,"শাহ কামাল ভিলা, সুনামগঞ্জ রোড, সিলেট-৩১১৪",+8801751355508,+8801920252025,+8801329746692,sust@quantummethod.org.bd,সিলেট
60,সুনামগঞ্জ,শাখা,সুনামগঞ্জ শাখা,"অনাবিল, ৫৬/১, আ/এ, মদিনা ম্যানশন, উকিল পাড়া, সুনামগঞ্জ-৩০০০",+8801712509572,+8801748996117,+8801329746688,sunamganj@quantummethod.org.bd,সুনামগঞ্জ
61,মৌলভীবাজার,সেল,মৌলভীবাজার সেল,"আলোর মেলা, শমসের নগর রোড, শেখ সোনাবান বিবি সড়ক, সৈয়ারপুর, মৌলভীবাজার-৩২০০",+8801770626367,+8801329746687,,moulvibazar@quantummethod.org.bd,মৌলভীবাজার
62,হবিগঞ্জ,শাখা,হবিগঞ্জ শাখা,"হবিগঞ্জ রিজেন্সি, (৩য় তলা), কালী বাড়ি রোড, হবিগঞ্জ-৩৩০০",+8801937635142,+88083163123,+8801329746685,habigonj@quantummethod.org.bd,হবিগঞ্জ
63,খুলনা বিভাগ,শাখা,খুলনা শাখা,"১৯/পি, শিরিশনগর, আকবরাবাদ এস্টেট, খানজাহান আলী রোড, খুলনা-৯১০০",+8801740939999,+8801923995511,+8801329746674,khulna@quantummethod.org.bd,খুলনা
64,খুলনা বিভাগ,সেল,খালিশপুর সেল,"হাউজ#২৯, (নিচতলা), রোড#১৫, সেন্ট্রাল ব্লক, হাউজিং স্টেট, খালিশপুর, খুলনা-৯০০০",+8801711823459,+8801717528300,+8801777755166,khalishpur@quantummethod.org.bd,খুলনা
65,খুলনা বিভাগ,সেল,বয়রা সেল,"বাড়ি#৮৩, ছোট বয়রা মার্কেট রোড, খুলনা-৯১০০",+8801716423441,+8801937763139,,boyra@quantummethod.org.bd,খুলনা
66,যশোর,শাখা,যশোর শাখা,"৯, আচার্য প্রফুল্ল চন্দ্র রোড, লোন অফিস পাড়া, যশোর-৭৪০০",+8801917419301,+88042151398,+8801619286577,jessore@quantummethod.org.bd,যশোর
67,সাতক্ষীরা,সেল,সাতক্ষীরা সেল,"ব্যাংকার্স কলোনি, সরকারী কলেজ রোড, মুনজিতপুর, সাতক্ষীরা-৯৪০০",+8801710070909,+8801925228476,+8801329746675,satkhira@quantummethod.org.bd,সাতক্ষীরা
68,রাজশাহী বিভাগ,সেন্টার,রাজশাহী সেন্টার,"৫৩৪, শেরশাহ রোড, লক্ষ্মীপুর, রাজশাহী-৬০০০",+8801914999446,+8802588852953,+8802588860509,rajshahi@quantummethod.org.bd,রাজশাহী
69,রাজশাহী বিভাগ,সেল,পদ্মা আবাসিক সেল,"রোড#৮, বাড়ি#৩৫৮, পদ্মা আবাসিক, রাজশাহী-৬২০৭",+8801844467488,+8802588863837,+8801810141090,padmaabasik@quantummethod.org.bd,রাজশাহী
70,রাজশাহী বিভাগ,সেল,রাজশাহী বিশ্ববিদ্যালয় সেল,"৯৮-৯৯, স্টেডিয়াম মার্কেট, রাজশাহী বিশ্ববিদ্যালয়, রাজশাহী-৬২০৫",+8801723101007,+8801329746662,,tuser@quantummethod.org.bd,রাজশাহী
71,বগুড়া,শাখা,বগুড়া শাখা,"সেন্ট্রাল স্কুল লেন, সূত্রাপুর, বগুড়া-৫৮০০",+8801782047178,+8805167754,+8801329746664,bogra@quantummethod.org.bd,বগুড়া
72,নওগাঁ,শাখা,নওগাঁ শাখা,"কে.ডি.-এর মোড়, নওগাঁ-৬৫০০",+8801738138949,+8801329746672,,naogaon@quantummethod.org.bd,নওগাঁ
73,নাটোর,সেল,নাটোর সেল,"আহসান হাবীব টগর উকিলের বাসা, ভবানিগঞ্জ মোড়, বলারিপাড়া, নাটোর-৬৪০০",+8801705872791,+8801329746663,,natore@quantummethod.org.bd,নাটোর
74,কুষ্টিয়া,সেল,কুষ্টিয়া সেল,"৩১/১, পূর্ণচন্দ্র লাহিড়ী লেন, গোশালা রোড, কোর্টপাড়া, কুষ্টিয়া-৭০০০",+8801776505160,+8801711578006,+8801943181031,kushtia@quantummethod.org.bd,কুষ্টিয়া
75,পাবনা,সেল,পাবনা সেল,"সালেহা মঞ্জিল, কোয়ান্টাম নগর, মক্তবমোড়, পাবনা-৬৬০০",+8801745444005,+8801329746671,,pabna@quantummethod.org.bd,পাবনা
76,ময়মনসিংহ,শাখা,ময়মনসিংহ শাখা,"মুমিনুন্নেসা এক্সেল টাওয়ার, ২য় তলা, ফ্ল্যাট#১(ই জি), ৮নং মনমোহন নিয়োগী রোড, পন্ডিত পাড়া, ময়মনসিংহ-২২০০",+8801912723095,+88021312095,+8802996662118,mymensingh@quantummethod.org.bd,ময়মনসিংহ
77,জামালপুর,সেল,জামালপুর সেল,"আকলিমন মঞ্জিল, গোলাপবাগ, জামালপুর-২০০০",+8801757981272,+8801914412714,+8801329746694,jamalpur@quantummethod.org.bd,জামালপুর
78,কিশোরগঞ্জ,সেল,কিশোরগঞ্জ সেল,"'বায়তুন নিলুফার', ১০৯৩, খরমপট্টি, কিশোরগঞ্জ-২৩০০",+8801716137151,+8801913708309,+8801329746696,quantumkishoreganj@gmail.com,কিশোরগঞ্জ
79,গোপালগঞ্জ,শাখা,গোপালগঞ্জ শাখা,"৯৬, ডিসি রোড, গোপালগঞ্জ-৮১০০",+8801712918662,+8801911023607,+8801329746676,gopalgonj@quantummethod.org.bd,গোপালগঞ্জ
80,রংপুর,শাখা,রংপুর শাখা,"বাসা নং#১, রোড নং#৪, রাধাবল্লভ, রংপুর-৫৪০০",+8801783015101,+88052155094,+8801329746667,rangpur@quantummethod.org.bd,রংপুর
81,দিনাজপুর,শাখা,দিনাজপুর শাখা,"৮৫৮/১, বুটি বাবুর মোড়, দক্ষিণ মুন্সিপাড়া, দিনাজপুর-৫২০০",+8801329746668,,,dinajpur@quantummethod.org.bd,দিনাজপুর
82,গাইবান্ধা,সেল,গাইবান্ধা সেল,"ইতি প্লাজা, (৩য় তলা), ডিবি রোড, গাইবান্ধা-৫৭০০",+8801312680766,+8801329746669,,gaibandha@quantummethod.org.bd,গাইবান্ধা
83,জয়পুরহাট,সেল,জয়পুরহাট সেল,"হাজী মাদ্রাসা রোড, জয়পুরহাট-৫৯০০",+8801739041300,+8801712910955,+8801329746670,joypurhat@quantummethod.org.bd,জয়পুরহাট
84,আন্তর্জাতিক,USA,Quantum Meditation Society Bronx New York,"2099, Starling Ave, Bronx, New York, USA",+16463793563,,,bronx@quantummethod.org.bd,USA
85,আন্তর্জাতিক,USA,Quantum Meditation Society New York,"86-47 164th Street, Suite#BE, Jamaica, NY 11432",+15167611614,,,info@qms-usa.org,USA
86,আন্তর্জাতিক,USA,Quantum Meditation Society Pennsylvania,"211, Barrington Rd, Upper Darby, PA 19082",+12159008226,,,primeshahalam@yahoo.com,USA
87,আন্তর্জাতিক,USA,Quantum Meditation Society Queens New York,"168 07, Highland Avenue, Jamaica hill, NY 11432",+16467278978,+14168713842,,queens_ny@quantummethod.org.bd,USA
88,আন্তর্জাতিক,Canada,Quantum Meditation Society Ottawa,"6337, Renaud Road, Ottawa, ON K1W 0J4",+16132631929,,,ottawa_gatineau@quantummethod.org.bd,Canada
89,আন্তর্জাতিক,Canada,Quantum Meditation Society Toronto,"100 Minerva Ave, Scarborough, ON. M1M1V7",+16477402800,,,toronto@quantummethod.org.bd,Canada
90,আন্তর্জাতিক,UK,Quantum Meditation Society London,"66 Hanbury Street, London E1 5JL, United Kingdom",+442034322672,,,info@quantumlondon.org.uk,UK
91,আন্তর্জাতিক,Australia,Quantum Meditation Society Melbourne,"260-280 Hogans Rd, Hoppers Crossing VIC 3029, Australia",+61435819946,,,melbourne@quantummethod.org.bd,Australia
92,আন্তর্জাতিক,Australia,Quantum Meditation Society Sydney,"Sommerville Room, 1 Susan St, Auburn, NSW 2144, Australia",+61451916516,,,sydney@quantummethod.org.bd,Australia
93,আন্তর্জাতিক,Germany,Quantum Meditation Society Heidelberg,"Im Neuenheimer Feld 681, 69120 Heidelberg",+4915753229398,,,heidelberg@quantummethod.org.bd,Germany
94,আন্তর্জাতিক,France,Quantum Meditation Society Paris,"Studio Bleu, 7/9 Rue des Petites Ecuries, 75010 Paris, France",+33758563477,,,paris@quantummethod.org.bd,France
95,আন্তর্জাতিক,UAE,Quantum Meditation Society Abu Dhabi,"Abudhabi, UAE",+971502281568,,,abudhabi@quantummethod.org.bd,UAE
96,আন্তর্জাতিক,Malaysia,Quantum Meditation Society Kuala Lumpur,"Unit 55, Level 11, Leisure Commerce Square, Jalan PSJ 8/9, Bandar Sunway, Selangor, Malaysia",+60173903236,,,malaysia@quantummethod.org.bd,Malaysia
97,গাজীপুর,শাখা,গাজীপুর শাখা,"'নার্গিস ভিলা', ২য় তলা, চান্দনা চৌরাস্তা, গাজীপুর-১৭০০",+8801799355655,+8801886652025,+8801329746650,gazipur@quantummethod.org.bd,গাজীপুর
98,গাজীপুর,কার্যালয়,গাজীপুর সদর কার্যালয়,"এম. এইচ. কটেজ, জি-১৫৮/৪, রাজদীঘির পশ্চিম পাড়, গাজীপুর সদর, গাজীপুর-১৭০০",+8801886652025,+8801799355655,+8801329746651,gazipur_sadar@quantummethod.org.bd,গাজীপুর
99,গাজীপুর,সেল,গাজীপুর বোর্ড বাজার সেল,"'হাজী বাড়ি', শহীদ সিদ্দিক সড়ক, খাইলকুর, বোর্ড বাজার, গাজীপুর-১৭০৪",+8801743913511,+8801817573026,+8801329746652,gazipur_boardbazar@quantummethod.org.bd,গাজীপুর
100,গাজীপুর,সেল,টঙ্গী সেল,"৩, মধুমিতা রোড, টঙ্গী, গাজীপুর-১৭১০",+8801713019730,+8801329746653,,gazipur_tongi@quantummethod.org.bd,গাজীপুর
101,নারায়ণগঞ্জ,শাখা,নারায়ণগঞ্জ শাখা,"১৩৫, এ, কে. এম. সামসুজ্জোহা রোড, (২য় তলা), উত্তর চাষাড়া, নারায়ণগঞ্জ-১৪০০",+8801329746659,+880247650884,+8801345726597,narayanganj@quantummethod.org.bd,নারায়ণগঞ্জ
102,নরসিংদী,শাখা,নরসিংদী শাখা,"বাড়ি#৯২/৩, নিচতলা, পশ্চিম ব্রাহ্মন্দী, কলেজ রোড, সদর, নরসিংদী-১৬০০",+8801717357663,+8801646746035,+8801329746697,narsingdi@quantummethod.org.bd,নরসিংদী
103,সাভার,সেল,সাভার সেল,"৬৭/১, ব্লক#বি, (নিচতলা), সোবহানবাগ, সাভার, ঢাকা-১৩৪০",+8801713123556,+8801818356657,+8801329746635,savar@quantummethod.org.bd,সাভার
104,সোনারগাঁ,সেল,সোনারগাঁ সেল,"ইসলাম ভিলা, দৈলের বাগ, সোনারগাঁ থানা রোড, সোনারগাঁ পৌরসভা, সোনারগাঁ-১৪৪০",+8801818107661,+8801623296558,+8801329746673,sonargaon@quantummethod.org.bd,নারায়ণগঞ্জ
105,মুন্সিগঞ্জ,সেল,মুন্সিগঞ্জ সেল,"পাকিজা টাওয়ার, (৩য় তলা), খালইস্ট রোড, সদর, মুন্সিগঞ্জ-১৫০০",+8801715696658,+8801946930868,+8801329746632,munshigonj@quantummethod.org.bd,মুন্সিগঞ্জ
106,মানিকগঞ্জ,প্রি-সেল,মানিকগঞ্জ প্রি-সেল,"বীর মুক্তিযোদ্ধা পাখী প্লাজা, (৩য় তলা), ১০৭-১০৮ শহীদ রফিক সড়ক, মানিকগঞ্জ",+8801329746636,+8801839908506,,,মানিকগঞ্জ
107,মাদারীপুর,প্রি-সেল,মাদারীপুর প্রি-সেল,"রাবেয়া ভিলা, কাজী মোস্তফা সড়ক, পাঠক কান্দি, মাদারীপুর",+8801894948648,,,,মাদারীপুর
108,শরীয়তপুর,প্রি-সেল,শরীয়তপুর প্রি-সেল,"৩০২/২, রূপনগর, সদর রোড, শরীয়তপুর",+8801894948647,,,,শরীয়তপুর
109,চট্টগ্রাম বিভাগ,সেল,শিকলবাহা সেল,"হাজী আহমদ আলীর বাড়ি, শিকলবাহা, কর্ণফুলী, চট্টগ্রাম-৪৩৭২",+8801715830273,+8801329746717,,shikolbaha@quantummethod.org.bd,চট্টগ্রাম
110,চট্টগ্রাম বিভাগ,সেল,সীতাকুন্ড সেল,"আবিদ কমপ্লেক্স, (৩য় তলা), ভাটিয়ারী, সীতাকুন্ড, চট্টগ্রাম-৪৩১৫",+8801824331363,+8801329746714,,sitakunda@quantummethod.org.bd,চট্টগ্রাম
111,চট্টগ্রাম বিভাগ,সেল,লোহাগাড়া সেল,"মরিয়ম ভবন, (তয় তলা), কাজীর পুকুর পাড়, লোহাগাড়া, চট্টগ্রাম-৪৩৯৬",+8801313486548,,,lohagara@quantummethod.org.bd,চট্টগ্রাম
112,রাঙ্গামাটি,প্রি-সেল,রাঙ্গামাটি প্রি-সেল,"বিলাস বিপণী মালিকের বিল্ডিং, (নিচ তলা), চম্পকনগর, রাঙ্গামাটি",+8801329746727,+8801828806840,,,রাঙ্গামাটি
113,সিলেট বিভাগ,সেল,গোলাপগঞ্জ সেল,"'জলীল মঞ্জিল', কদমতলী, গোলাপগঞ্জ, সিলেট-৩১৬০",+8801740288339,+8801329746690,,golapgonj@quantummethod.org.bd,সিলেট
114,সিলেট বিভাগ,সেল,বিশ্বনাথ সেল,"তৌসির এন্টারপ্রাইজ, পুরান বাজার, বিশ্বনাথ, সিলেট-৩১৩০",+8801712656825,+8801711360595,+8801329746691,,সিলেট
115,সিলেট বিভাগ,সেল,ছাতক সেল,"বাগবাড়ি, ছাতক, সুনামগঞ্জ-৩০৮০",+8801715002527,+8801711300502,+8801717266359,chhatak@quantummethod.org.bd,সুনামগঞ্জ
116,খুলনা বিভাগ,সেল,বাগমারা সেল,"হোসেন ভিলা, ১০, বাগমারা মেইন রোড, খুলনা-৯১০০",+8801716130004,,,bagmara@quantummethod.org.bd,খুলনা
117,খুলনা বিভাগ,সেল,নতুন বাজার সেল,"১৬ গগনবাবু রোড, কয়লাঘাট মন্দিরের পূর্ব দিকে, খুলনা-৯১০০",+8801746634499,,,newmarketkhulna@quantummethod.org.bd,খুলনা
118,খুলনা বিভাগ,সেল,দেয়াড়া সেল,"আবু মোল্লার বাড়ি, অগ্রদূত মাঠের পাশে, দেয়াড়া, আইচগাতী, রূপসা, খুলনা-৯২৪১",+8801917874343,,,maksudatamanna4@gmail.com,খুলনা
119,বাগেরহাট,সেল,ফকিরহাট সেল,"মেসার্স আরা ফিলিং স্টেশন, পাগলা শ্যামনগর, ফকিরহাট, বাগেরহাট-৯৩৭০",+8801715388172,,,arafilling@gmail.com,বাগেরহাট
120,ঝালকাঠি,সেল,ঝালকাঠি সেল,"৫৩ কামারপট্টি, ঝালকাঠি-৮৪০০",+8801848373547,+8801329746680,,jhalokati@quantummethod.org.bd,ঝালকাঠি
121,বরিশাল,শাখা,বরিশাল শাখা,"হদুয়া লজ, ২৫১, জর্ডন রোড, বরিশাল-৮২০০",+8801329746679,,,barishal@quantummethod.org.bd,বরিশাল
122,ভোলা,প্রি-সেল,ভোলা প্রি-সেল,"চৌধুরী রেসিডেন্স, নূরমসজিদ গলি, মুসলমান পাড়া, ভোলা",+8801329746678,,,,ভোলা
123,রাজশাহী বিভাগ,সেল,নওহাটা সেল,"নিহার সুইটস এর ৪র্থ তলা, পবা থানার বিপরীতে, নওহাটা বাজার, নওহাটা, রাজশাহী-৬২১৩",+8801912434231,,,nawhata@quantummethod.org.bd,রাজশাহী
124,রাজশাহী বিভাগ,সেল,বোধিপুর সেল,"কাদিপুর, শিতলাই, পবা, রাজশাহী-৬২৬০",+8801717083499,,,bodhipur@quantummethod.org.bd,রাজশাহী
125,রাজশাহী বিভাগ,সেল,সারদা সেল,"সারদা ট্রাফিক মোড়, সারদা, চারঘাট, রাজশাহী-৬২৭১",+8801722925355,,,sardah@quantummethod.org.bd,রাজশাহী
126,বগুড়া,সেল,শেরপুর সেল,"নাফিসা চাইল্ড কেয়ার হোম, হাটখোলা রোড, বাস স্ট্যান্ড, শেরপুর, বগুড়া-৫৮০০",+8801923972550,,,sherpur@quantummethod.org.bd,বগুড়া
127,চাঁপাইনবাবগঞ্জ,সেল,চাঁপাইনবাবগঞ্জ সেল,"'সমর্পন', ৭৮/১, শান্তিবাগ, চাঁপাইনবাবগঞ্জ-৬৩০০",+8801712066618,+8801712213599,,chapainawabgonj@quantummethod.org.bd,চাঁপাইনবাবগঞ্জ
128,চুয়াডাঙ্গা,সেল,আলমডাঙ্গা সেল,"ভাইস চেয়ারম্যান দেলওয়ার সাহেবের বাসা, নিচতলা, আলমডাঙ্গা থানার পাশে, আলমডাঙ্গা, চুয়াডাঙ্গা",+8801712337968,,,harun31152@gmail.com,চুয়াডাঙ্গা
129,নেত্রকোনা,প্রি-সেল,নেত্রকোনা প্রি-সেল,"পুরাতন হাসপাতাল রোড, নেত্রকোনা",+8801329746698,+8801712617474,+8801789932345,,নেত্রকোনা
130,টাঙ্গাইল,প্রি-সেল,টাঙ্গাইল প্রি-সেল,"বাসা#০৩, ব্লক#এ/২, তুহিন রোড, শিবনাথ পাড়া, টাঙ্গাইল",+8801329746637,+8801733727664,,,টাঙ্গাইল
131,ঠাকুরগাঁও,প্রি-সেল,ঠাকুরগাঁও প্রি-সেল,"শ্রদ্ধা পূর্ব হাজীপাড়া, ঠাকুরগাঁও",+8801329746668,,,,ঠাকুরগাঁও
132,লালমনিরহাট,সেল,লালমনিরহাট সেল,"বছিরটারি, নর্থবেঙ্গল, খোর্দ্দ সাপটানা, লালমনিরহাট-৫৫০০",+8801868161722,,,lalmonirhat@quantummethod.org.bd,লালমনিরহাট
133,সিরাজগঞ্জ,প্রি-সেল,সিরাজগঞ্জ প্রি-সেল,"স্টেডিয়াম রোড, সিরাজগঞ্জ সদর, সিরাজগঞ্জ",+8801798801951,+8801734563299,,,সিরাজগঞ্জ
134,চাঁদপুর,প্রি-সেল,চাঁদপুর প্রি-সেল,"১০৭৫ আব্দুল মতিন মঞ্জিল, (১ম তলা), গাজিবাড়ি রোড, তালতলা, চাঁদপুর",+8801712002920,+8801533935118,,,চাঁদপুর
135,লক্ষ্মীপুর,প্রি-সেল,লক্ষ্মীপুর প্রি-সেল,"আবুল খায়ের ম্যানশন, (২য় তলা), মাদাম ব্রীজ, পার্বতি নগর, লক্ষ্মীপুর সদর",+8801675955342,+8801746880886,,,লক্ষ্মীপুর
136,ঢাকা বিভাগ,সেল,আহমেদনগর সেল,"৭২ জোনাকি রোড, আহমেদনগর, ঢাকা-১২১৬",+8801781510037,,,ahmednagar@quantummethod.org.bd,ঢাকা
137,ঢাকা বিভাগ,সেল,তুরাগ প্রি-সেল,"বাড়ি#১০, রোড#১১, সেক্টর#১০, উত্তরা, ঢাকা-১২৩০",+8801819251257,+8801726088497,+8801874358907,,ঢাকা
138,ঢাকা বিভাগ,সেল,পূরবী সেল,"বাসা ২৪, রোড ২৪, পল্লবী, ঢাকা-১২১৬",+8801870725911,,,purobi@quantummethod.org.bd,ঢাকা
139,ঢাকা বিভাগ,সেল,মিরপুর-১১ সেল,"সেকশন-১১ ,ব্লক-এ , রোড-১, বাড়ি -১, এভিনিউ ১ (২য় তলা), মিরপুর, ঢাকা",+8801677234567,+8809678771714,,,ঢাকা
140,ঢাকা বিভাগ,সেল,মিরপুর-৬ সেল,"সেকশন-৬, ব্লক-সি, লেন-১৩, বাসা-২, ঢাকা-১২১৬",+8801676987506,,,,ঢাকা
141,ঢাকা বিভাগ,সেল,মুগদা প্রি-সেল,"১২৬/২/ক, উত্তর মুগদা, তৃতীয় তলা, আরব সেন্টার, মুগদা, ঢাকা-১২১৪",+8801515616414,,,,ঢাকা
142,ঢাকা বিভাগ,সেল,লালকুঠি সেল,"২৩১, ব্লক-ডি, লালকুঠি, প্রথম কলোনি, মিরপুর ১, ঢাকা",+8801730903662,,,,ঢাকা
143,ঢাকা বিভাগ,সেল,লালমাটিয়া সেল,"ডি#১৫, ব্লক#ই, জাকির হোসেন রোড, মোহাম্মদপুর, ঢাকা-১২০৭",+8801329746623,,,lalmatia@quantummethod.org.bd,ঢাকা
144,ঢাকা বিভাগ,সেল,লেকসিটি কনকর্ড প্রি-সেল,"এসএ#১, লেভেল#১৫, করবী বিল্ডিং, লেকসিটি, খিলক্ষেত",+8801815727073,+8801329746649,,,ঢাকা
145,ঢাকা বিভাগ,সেল,শেওড়া পাড়া সেল,"৯৫৭ পূর্ব শেওড়া পাড়া, মিরপুর, ঢাকা-১২১৬",+8801937677965,,,sheorapara@quantummethod.org.bd,ঢাকা
146,ঢাকা বিভাগ,সেল,কেরাণীগঞ্জ প্রি-সেল,"হাজী বারেক সাহেবের বাড়ি, ২য় তলা, চুনকুটিয়া চৌরাস্তা, কেরাণীগঞ্জ, ঢাকা-১৩১০",+8801911542613,,,keraniganj@quantummethod.org.bd,কেরাণীগঞ্জ
147,ঢাকা বিভাগ,সেল,মনিপুর সেল,"৭৮৪ মধ্য মনিপুর, মিরপুর-২, ঢাকা-১২১৬",+8801817607199,,,monipur@quantummethod.org.bd,ঢাকা
148,ঢাকা বিভাগ,সেল,সূত্রাপুর সেল,"১৯/১, নন্দলাল দত্ত লেন, লক্ষ্মীবাজার, ঢাকা-১১০০",+8801783050366,,,sutrapur@quantummethod.org.bd,ঢাকা
149,চট্টগ্রাম বিভাগ,সেল,কোয়ান্টামম লামা,"বোধিছড়া, কেয়াজুপাড়া, সরই, লামা, বান্দরবান-৩২৭৪",+8801313486520,+8801601486521,+8801714094271,quantumom@quantummethod.org.bd,বান্দরবান
150,খুলনা বিভাগ,সেল,ফকিরহাট সেল,"মেসার্স আরা ফিলিং স্টেশন, পাগলা শ্যামনগর, ফকিরহাট, বাগেরহাট-৯৩৭০",+8801715388172,,,arafilling@gmail.com,বাগেরহাট
151,যশোর,শাখা,যশোর শাখা,"৯, আচার্য প্রফুল্ল চন্দ্র রোড, লোন অফিস পাড়া, যশোর-৭৪০০",+8801917419301,+88042151398,+8801619286577,jessore@quantummethod.org.bd,যশোর
152,গোপালগঞ্জ,শাখা,গোপালগঞ্জ শাখা,"৯৬, ডিসি রোড, গোপালগঞ্জ-৮১০০",+8801712918662,+8801911023607,+8801329746676,gopalgonj@quantummethod.org.bd,গোপালগঞ্জ
153,সাতক্ষীরা,সেল,সাতক্ষীরা সেল,"ব্যাংকার্স কলোনি, সরকারী কলেজ রোড, মুনজিতপুর, সাতক্ষীরা-৯৪০০",+8801710070909,+8801925228476,+8801329746675,satkhira@quantummethod.org.bd,সাতক্ষীরা